"Branden en hulpverleningen; alarmering van de brandweer, regio"
""
"";""
"";"Regio's";"Nederland";"Nederland";"Nederland";"Nederland";"Nederland";"Nederland";"Nederland";"Groningen (PV)";"Groningen (PV)";"Groningen (PV)";"Groningen (PV)";"Groningen (PV)";"Groningen (PV)";"Groningen (PV)";"Friesland (PV)";"Friesland (PV)";"Friesland (PV)";"Friesland (PV)";"Friesland (PV)";"Friesland (PV)";"Friesland (PV)";"Drenthe (PV)";"Drenthe (PV)";"Drenthe (PV)";"Drenthe (PV)";"Drenthe (PV)";"Drenthe (PV)";"Drenthe (PV)";"Overijssel (PV)";"Overijssel (PV)";"Overijssel (PV)";"Overijssel (PV)";"Overijssel (PV)";"Overijssel (PV)";"Overijssel (PV)";"Flevoland (PV)";"Flevoland (PV)";"Flevoland (PV)";"Flevoland (PV)";"Flevoland (PV)";"Flevoland (PV)";"Flevoland (PV)";"Gelderland (PV)";"Gelderland (PV)";"Gelderland (PV)";"Gelderland (PV)";"Gelderland (PV)";"Gelderland (PV)";"Gelderland (PV)";"Utrecht (PV)";"Utrecht (PV)";"Utrecht (PV)";"Utrecht (PV)";"Utrecht (PV)";"Utrecht (PV)";"Utrecht (PV)";"Noord-Holland (PV)";"Noord-Holland (PV)";"Noord-Holland (PV)";"Noord-Holland (PV)";"Noord-Holland (PV)";"Noord-Holland (PV)";"Noord-Holland (PV)";"Zuid-Holland (PV)";"Zuid-Holland (PV)";"Zuid-Holland (PV)";"Zuid-Holland (PV)";"Zuid-Holland (PV)";"Zuid-Holland (PV)";"Zuid-Holland (PV)";"Zeeland (PV)";"Zeeland (PV)";"Zeeland (PV)";"Zeeland (PV)";"Zeeland (PV)";"Zeeland (PV)";"Zeeland (PV)";"Noord-Brabant (PV)";"Noord-Brabant (PV)";"Noord-Brabant (PV)";"Noord-Brabant (PV)";"Noord-Brabant (PV)";"Noord-Brabant (PV)";"Noord-Brabant (PV)";"Limburg (PV)";"Limburg (PV)";"Limburg (PV)";"Limburg (PV)";"Limburg (PV)";"Limburg (PV)";"Limburg (PV)"
"Onderwerp";"Perioden";"2013";"2014";"2015";"2016";"2017";"2018";"2019*";"2013";"2014";"2015";"2016";"2017";"2018";"2019*";"2013";"2014";"2015";"2016";"2017";"2018";"2019*";"2013";"2014";"2015";"2016";"2017";"2018";"2019*";"2013";"2014";"2015";"2016";"2017";"2018";"2019*";"2013";"2014";"2015";"2016";"2017";"2018";"2019*";"2013";"2014";"2015";"2016";"2017";"2018";"2019*";"2013";"2014";"2015";"2016";"2017";"2018";"2019*";"2013";"2014";"2015";"2016";"2017";"2018";"2019*";"2013";"2014";"2015";"2016";"2017";"2018";"2019*";"2013";"2014";"2015";"2016";"2017";"2018";"2019*";"2013";"2014";"2015";"2016";"2017";"2018";"2019*";"2013";"2014";"2015";"2016";"2017";"2018";"2019*"
"Totaal alarmeringen van de brandweer";"aantal";"157920";"150080";"152220";"141700";"139940";"148900";"143500";"3780";"3440";"3500";"3380";"3240";"3840";"3900";"4620";"4180";"4040";"3260";"3180";"3580";"3100";"4480";"4140";"3600";"3240";"2900";"3320";"3080";"9220";"8440";"7760";"7340";"7400";"7800";"7440";"3500";"3060";"3200";"3100";"2840";"3180";"3220";"16460";"14600";"15520";"14660";"14840";"15180";"14500";"10660";"10080";"9500";"8580";"8720";"9160";"8440";"31200";"31760";"34400";"32460";"33040";"35200";"31880";"42620";"39580";"40340";"36960";"36100";"38360";"38980";"3220";"3020";"3120";"3380";"3580";"4080";"3860";"19080";"18320";"18040";"16240";"16120";"17120";"17200";"8940";"9360";"9080";"9040";"7940";"8020";"7840"
"Brandalarmeringen|Alarmeringen";"aantal";"96600";"91160";"85000";"79540";"72980";"76020";"72140";"2360";"2200";"2160";"2140";"1980";"2400";"2360";"3280";"2940";"2600";"1840";"1700";"2060";"1800";"3280";"3120";"2480";"2180";"1840";"2200";"2000";"6640";"6060";"4900";"4800";"4360";"4580";"4380";"2360";"2120";"2060";"1880";"1520";"1740";"1700";"10360";"8780";"8300";"8420";"7560";"7680";"7260";"7140";"6560";"5720";"4980";"4600";"4860";"4420";"15060";"15640";"15800";"15440";"14940";"15140";"13600";"25180";"23780";"22400";"20440";"18140";"18560";"19220";"1980";"1900";"1780";"2000";"1900";"1980";"1740";"12760";"11700";"10780";"9620";"9360";"10160";"9240";"6120";"6300";"5960";"5780";"5040";"4620";"4400"
"Brandalarmeringen|Uitrukken";"aantal";"88040";"82120";"76800";"72320";"66120";"69200";"65620";"1980";"1800";"1800";"1800";"1620";"2060";"2020";"2200";"1960";"1680";"1440";"1300";"1640";"1420";"2200";"1920";"1600";"1500";"1340";"1700";"1500";"6280";"5720";"4540";"4460";"4120";"4340";"4120";"2060";"1820";"1860";"1680";"1400";"1600";"1540";"9720";"8040";"7620";"7780";"6880";"6880";"6420";"6860";"6340";"5240";"4180";"3980";"4260";"3840";"13820";"14420";"14680";"14220";"13260";"13700";"12360";"24200";"22300";"20960";"19300";"17220";"17600";"18200";"1860";"1780";"1620";"1840";"1760";"1860";"1600";"11600";"10500";"9960";"8860";"8620";"9440";"8660";"5200";"5440";"5220";"5200";"4560";"4080";"3920"
"Brandalarmeringen|Ter plaatse";"aantal";"76540";"69800";"64360";"61260";"56940";"60600";"55940";"1800";"1640";"1620";"1620";"1460";"1860";"1820";"1920";"1700";"1560";"1380";"1280";"1580";"1320";"1840";"1560";"1360";"1340";"1200";"1560";"1340";"5760";"5200";"3820";"3740";"3460";"3800";"3480";"1440";"1380";"1380";"1220";"1140";"1340";"1220";"8760";"7060";"6640";"6860";"6100";"6400";"5940";"5720";"5220";"4400";"3640";"3440";"3720";"3320";"11720";"12360";"12420";"12300";"11880";"12440";"10280";"21440";"18460";"16700";"15280";"13920";"14420";"14880";"1720";"1640";"1540";"1700";"1560";"1680";"1480";"10420";"9480";"8980";"8300";"8120";"8740";"7980";"3960";"4020";"3880";"3820";"3340";"3040";"2860"
"Brandalarmeringen|Automatisch gemeld|Alarmeringen";"aantal";"55340";"52520";"46440";"40860";"34540";"31840";"30420";"1000";"940";"980";"940";"740";"800";"880";"1980";"1800";"1500";"700";"600";"640";"640";"1940";"2040";"1460";"1180";"880";"900";"880";"4220";"4060";"2860";"2580";"2200";"1920";"1900";"1400";"1260";"1220";"1040";"680";"660";"700";"5740";"4680";"4060";"4120";"3320";"2600";"2640";"4260";"3800";"3000";"2300";"2080";"1980";"1820";"8200";"8800";"8860";"8400";"7920";"7480";"6500";"14860";"13900";"12720";"10780";"8440";"8300";"8320";"1020";"980";"880";"980";"940";"820";"640";"7100";"6320";"5420";"4340";"3900";"3520";"3320";"3600";"3940";"3520";"3500";"2820";"2260";"2180"
"Brandalarmeringen|Automatisch gemeld|Uitrukken";"aantal";"48080";"44760";"39420";"34800";"28980";"26560";"25280";"720";"640";"660";"640";"460";"540";"600";"1000";"920";"680";"420";"320";"340";"340";"920";"920";"620";"540";"400";"440";"420";"3940";"3780";"2540";"2300";"2000";"1720";"1700";"1120";"1000";"1040";"860";"580";"560";"580";"5280";"4060";"3500";"3580";"2780";"1960";"1960";"4060";"3640";"2620";"1640";"1560";"1500";"1340";"7160";"7740";"7900";"7380";"6520";"6340";"5480";"14220";"12820";"11560";"9900";"7780";"7680";"7660";"920";"860";"740";"840";"820";"720";"560";"6040";"5240";"4760";"3720";"3340";"2960";"2860";"2740";"3140";"2840";"2960";"2400";"1820";"1780"
"Brandalarmeringen|Automatisch gemeld|Ter plaatse";"aantal";"38400";"34120";"28860";"25500";"21500";"19920";"17720";"580";"500";"540";"520";"340";"400";"440";"720";"660";"560";"360";"280";"300";"280";"620";"600";"440";"400";"300";"340";"300";"3480";"3360";"1920";"1680";"1420";"1260";"1180";"560";"600";"600";"460";"360";"340";"320";"4480";"3200";"2660";"2800";"2160";"1580";"1580";"3100";"2700";"1960";"1240";"1140";"1080";"940";"5380";"6000";"5940";"5700";"5380";"5380";"3800";"12100";"9600";"8020";"6580";"5180";"5180";"5100";"800";"760";"660";"720";"660";"580";"440";"4980";"4340";"3960";"3300";"2960";"2540";"2420";"1600";"1800";"1600";"1720";"1320";"960";"900"
"Brandalarmeringen|Telefonisch gemeld|Alarmeringen";"aantal";"41260";"38640";"38560";"38700";"38440";"44180";"41740";"1360";"1260";"1180";"1200";"1220";"1600";"1500";"1280";"1140";"1100";"1140";"1080";"1440";"1160";"1340";"1080";"1020";"1000";"980";"1320";"1140";"2440";"1980";"2040";"2220";"2160";"2680";"2480";"960";"860";"840";"860";"840";"1080";"980";"4620";"4120";"4240";"4300";"4240";"5100";"4620";"2880";"2760";"2720";"2680";"2520";"2880";"2600";"6860";"6860";"6940";"7020";"7020";"7660";"7100";"10300";"9880";"9700";"9660";"9700";"10260";"10920";"960";"920";"920";"1020";"960";"1160";"1080";"5660";"5360";"5360";"5280";"5460";"6640";"5920";"2520";"2360";"2440";"2280";"2220";"2360";"2220"
"Brandalarmeringen|Telefonisch gemeld|Uitrukken";"aantal";"39940";"37360";"37380";"37520";"37160";"42660";"40340";"1280";"1160";"1140";"1140";"1180";"1520";"1420";"1200";"1040";"1000";"1040";"980";"1300";"1080";"1280";"1020";"960";"960";"920";"1280";"1080";"2340";"1940";"2000";"2160";"2120";"2640";"2420";"940";"840";"820";"820";"820";"1060";"960";"4440";"3980";"4120";"4200";"4120";"4920";"4460";"2820";"2700";"2620";"2560";"2420";"2760";"2500";"6660";"6680";"6780";"6840";"6740";"7360";"6880";"9980";"9480";"9400";"9400";"9440";"9920";"10540";"940";"900";"880";"1000";"920";"1120";"1060";"5560";"5260";"5200";"5160";"5280";"6480";"5800";"2460";"2300";"2380";"2220";"2160";"2260";"2140"
"Brandalarmeringen|Telefonisch gemeld|Ter plaatse";"aantal";"38140";"35680";"35500";"35760";"35440";"40680";"38220";"1220";"1140";"1100";"1100";"1120";"1460";"1380";"1180";"1020";"1000";"1020";"980";"1280";"1040";"1220";"980";"920";"920";"900";"1220";"1040";"2280";"1860";"1900";"2080";"2040";"2560";"2320";"880";"780";"760";"760";"780";"1000";"900";"4300";"3860";"3960";"4040";"3940";"4820";"4360";"2640";"2500";"2440";"2420";"2300";"2640";"2360";"6360";"6360";"6480";"6600";"6500";"7060";"6480";"9320";"8860";"8680";"8700";"8740";"9240";"9780";"920";"900";"880";"980";"920";"1100";"1040";"5440";"5140";"5020";"5000";"5160";"6200";"5560";"2360";"2220";"2300";"2100";"2020";"2080";"1960"
"Hulpverleningsalarmeringen|Alarmeringen";"aantal";"61300";"58920";"67220";"62140";"66980";"72880";"71360";"1420";"1240";"1360";"1240";"1280";"1440";"1520";"1340";"1260";"1440";"1420";"1500";"1520";"1300";"1200";"1020";"1120";"1080";"1040";"1120";"1080";"2580";"2400";"2860";"2540";"3040";"3200";"3060";"1140";"940";"1140";"1220";"1320";"1440";"1520";"6100";"5820";"7220";"6240";"7280";"7500";"7240";"3540";"3520";"3780";"3600";"4100";"4300";"4020";"16140";"16100";"18600";"17020";"18100";"20060";"18280";"17460";"15780";"17920";"16520";"17960";"19800";"19740";"1240";"1100";"1340";"1380";"1680";"2100";"2140";"6320";"6640";"7260";"6600";"6760";"6960";"7960";"2820";"3060";"3120";"3260";"2900";"3400";"3460"
"Hulpverleningsalarmeringen|Uitrukken";"aantal";"58000";"55860";"63540";"58840";"63040";"67780";"66500";"1300";"1120";"1240";"1120";"1180";"1320";"1400";"1200";"1120";"1300";"1280";"1340";"1380";"1180";"1080";"940";"1040";"1000";"960";"1040";"980";"2440";"2260";"2740";"2420";"2940";"3080";"2960";"1100";"920";"1080";"1180";"1280";"1400";"1480";"5740";"5460";"6880";"6000";"6980";"7080";"6800";"3400";"3400";"3660";"3380";"3800";"3900";"3760";"15320";"15420";"17580";"16200";"16860";"18360";"16760";"16560";"14980";"16980";"15700";"17040";"18520";"18560";"1180";"1000";"1240";"1260";"1600";"1980";"1980";"5960";"6280";"6820";"6180";"6280";"6440";"7340";"2720";"2920";"2980";"3080";"2780";"3240";"3280"
"Hulpverleningsalarmeringen|Ter plaatse";"aantal";"54020";"52120";"58920";"54920";"59140";"63020";"62000";"1240";"1080";"1200";"1080";"1140";"1260";"1340";"1160";"1100";"1280";"1260";"1340";"1340";"1140";"1020";"880";"960";"920";"900";"980";"940";"2340";"2140";"2580";"2260";"2780";"2900";"2820";"1000";"840";"1000";"1080";"1180";"1280";"1400";"5440";"5120";"6480";"5700";"6620";"6820";"6620";"3120";"3080";"3400";"3140";"3540";"3600";"3500";"13780";"14020";"15680";"14820";"15480";"16440";"15180";"15460";"14020";"15720";"14600";"15980";"17320";"17320";"1140";"980";"1200";"1220";"1560";"1960";"1900";"5700";"6020";"6540";"5940";"6020";"6080";"6880";"2600";"2800";"2860";"2880";"2600";"3020";"2980"
"Bron: CBS"
